{"cameraMode":{"drawMode":0,"name":"Shaded","section":"Shading Mode"},"sceneLighting":false,"audioPlay":false,"sceneViewState":{"showFog":true,"showMaterialUpdate":false,"showSkybox":true,"showFlares":true,"showImageEffects":true,"showParticleSystems":true},"in2DMode":false,"pivot":{"x":0.5382163524627686,"y":11.635932922363282,"z":-0.4025126099586487},"rotation":{"x":-0.128355011343956,"y":0.018041139468550683,"z":0.002146204235032201,"w":0.9917618036270142},"size":2.654587984085083,"orthographic":false}